{"cameraMode":{"drawMode":0,"name":"Shaded","section":"Shading Mode"},"sceneLighting":true,"audioPlay":false,"sceneViewState":{"m_AlwaysRefresh":false,"showFog":true,"showSkybox":true,"showFlares":true,"showImageEffects":true,"showParticleSystems":true,"showVisualEffectGraphs":true,"m_FxEnabled":true},"in2DMode":false,"pivot":{"x":0.6442859768867493,"y":0.8217718601226807,"z":29.72550392150879},"rotation":{"x":-0.08688681572675705,"y":0.0841730386018753,"z":-0.007368363440036774,"w":-0.9926252961158752},"size":21.542766571044923,"orthographic":false}